{
    "parent": "item/handheld",
    "textures": {
        "layer0": "item/grundall"
    },
	
	"display": {
        "gui": {
            "rotation": [ 0, 0, 0 ],
            "translation": [ 3, 4, 0],
            "scale":[ 2, 2, 2 ]
        },
		"ground": {
            "rotation": [ 0, 0, 0 ],
            "translation": [ 0, 4, 0],
            "scale":[ 2, 2, 2 ]
        },
        "thirdperson_righthand": {
            "rotation": [ 0, 0, 0 ],
            "translation": [ 0, 3, 0],
            "scale":[ 1, 1, 1 ]
        },
        "firstperson_righthand": {
            "rotation": [ 0, 0, 0 ],
            "translation": [ -3, 4, 0],
            "scale":[ 2, 2, 2 ]
        },
        "firstperson_lefthand": {
            "rotation": [ 0, 180, 0 ],
            "translation": [ 8, 4, 0],
            "scale":[ 2, 2, 2 ]
        }
    
	}
}