{
	"credit": "Made with Blockbench",
	"textures": {
		"0": "block/cut_sandstone_top",
		"1": "block/sandstone_top2",
		"2": "block/amethyst_block",
		"3": "block/emerald_block",
		"4": "block/quartz_pillar_top",
		"5": "block/ancient_debris_side",
		"particle": "block/cut_sandstone_top"
	},
		"display": {
		"gui": {
            "rotation": [ 10, 45, 0 ],
            "translation": [ 0, 0, 0],
            "scale":[ 0.6, 0.6, 0.6 ]
        },
		"ground": {
            "rotation": [ 0, 0, 0 ],
            "translation": [ 0, 3, 0],
            "scale":[ 0.6, 0.6, 0.6 ]
        },
        "thirdperson_righthand": {
            "rotation": [ 0, 0, 0 ],
            "translation": [ 0, 3, 0],
            "scale":[ 0.6, 0.6, 0.6 ]
        },
        "firstperson_righthand": {
            "rotation": [ 0, 0, 0 ],
            "translation": [ 0, 0, 0],
            "scale":[ 1, 1, 1 ]
        },
        "head": {
            "rotation": [ 0, 0, 0 ],
            "translation": [ 0, 10, 0],
            "scale":[ 1, 1, 1 ]
		}
        },
	"elements": [
		{
			"from": [2, 0, 14],
			"to": [14, 6, 16],
			"faces": {
				"north": {"uv": [0, 0, 12, 6], "texture": "#1"},
				"east": {"uv": [0, 0, 2, 6], "texture": "#missing"},
				"south": {"uv": [2, 6, 14, 12], "texture": "#0"},
				"west": {"uv": [0, 0, 2, 6], "texture": "#missing"},
				"up": {"uv": [0, 0, 12, 2], "texture": "#1"},
				"down": {"uv": [0, 0, 12, 2], "texture": "#1"}
			}
		},
		{
			"from": [0, 0, 0],
			"to": [2, 6, 16],
			"faces": {
				"north": {"uv": [14, 0, 16, 6], "texture": "#0"},
				"east": {"uv": [0, 0, 16, 6], "texture": "#1"},
				"south": {"uv": [0, 6, 2, 12], "texture": "#0"},
				"west": {"uv": [0, 6, 16, 12], "texture": "#0"},
				"up": {"uv": [0, 0, 2, 16], "texture": "#1"},
				"down": {"uv": [0, 0, 2, 16], "texture": "#1"}
			}
		},
		{
			"from": [14, 0, 0],
			"to": [16, 6, 16],
			"faces": {
				"north": {"uv": [0, 6, 2, 12], "texture": "#0"},
				"east": {"uv": [0, 6, 16, 12], "texture": "#0"},
				"south": {"uv": [14, 6, 16, 12], "texture": "#0"},
				"west": {"uv": [0, 0, 16, 6], "texture": "#1"},
				"up": {"uv": [0, 0, 2, 16], "texture": "#1"},
				"down": {"uv": [0, 0, 2, 16], "texture": "#1"}
			}
		},
		{
			"from": [2, 0, 0],
			"to": [14, 6, 2],
			"faces": {
				"north": {"uv": [2, 6, 14, 12], "texture": "#0"},
				"east": {"uv": [0, 0, 2, 6], "texture": "#missing"},
				"south": {"uv": [0, 0, 12, 6], "texture": "#1"},
				"west": {"uv": [0, 0, 2, 6], "texture": "#missing"},
				"up": {"uv": [0, 0, 12, 2], "texture": "#1"},
				"down": {"uv": [0, 0, 12, 2], "texture": "#1"}
			}
		},
		{
			"from": [14, 6, 2],
			"to": [16, 8, 6],
			"faces": {
				"north": {"uv": [0, 0, 2, 2], "texture": "#missing"},
				"east": {"uv": [11, 3, 15, 5], "texture": "#0"},
				"south": {"uv": [0, 0, 2, 2], "texture": "#1"},
				"west": {"uv": [0, 0, 4, 2], "texture": "#1"},
				"up": {"uv": [0, 0, 2, 4], "texture": "#1"},
				"down": {"uv": [0, 0, 2, 4], "texture": "#missing"}
			}
		},
		{
			"from": [10, 6, 0],
			"to": [16, 8, 2],
			"faces": {
				"north": {"uv": [0, 2, 6, 4], "texture": "#0"},
				"east": {"uv": [14, 3, 16, 5], "texture": "#0"},
				"south": {"uv": [0, 0, 6, 2], "texture": "#1"},
				"west": {"uv": [0, 0, 2, 2], "texture": "#1"},
				"up": {"uv": [0, 0, 6, 2], "texture": "#1"},
				"down": {"uv": [0, 0, 6, 2], "texture": "#missing"}
			}
		},
		{
			"from": [14, 8, 2],
			"to": [16, 11, 3],
			"faces": {
				"north": {"uv": [0, 0, 2, 3], "texture": "#missing"},
				"east": {"uv": [14, 0, 13, 3], "texture": "#0"},
				"south": {"uv": [0, 0, 2, 3], "texture": "#1"},
				"west": {"uv": [0, 0, 1, 3], "texture": "#1"},
				"up": {"uv": [0, 0, 2, 1], "texture": "#1"},
				"down": {"uv": [0, 0, 2, 1], "texture": "#missing"}
			}
		},
		{
			"from": [13, 8, 0],
			"to": [14, 11, 2],
			"faces": {
				"north": {"uv": [2, 0, 3, 3], "texture": "#0"},
				"east": {"uv": [14, 0, 16, 3], "texture": "#0"},
				"south": {"uv": [2, 0, 3, 3], "texture": "#1"},
				"west": {"uv": [0, 0, 2, 3], "texture": "#1"},
				"up": {"uv": [0, 0, 3, 2], "texture": "#1"},
				"down": {"uv": [0, 0, 3, 2], "texture": "#missing"}
			}
		},
		{
			"from": [14, 8, 0],
			"to": [16, 10, 2],
			"faces": {
				"north": {"uv": [5, 9, 7, 11], "texture": "#3"},
				"east": {"uv": [7, 7, 9, 9], "texture": "#3"},
				"south": {"uv": [2, 0, 3, 3], "texture": "#1"},
				"west": {"uv": [0, 0, 2, 3], "texture": "#1"},
				"up": {"uv": [0, 0, 3, 2], "texture": "#1"},
				"down": {"uv": [0, 0, 3, 2], "texture": "#missing"}
			}
		},
		{
			"from": [14, 10, 0],
			"to": [16, 11, 2],
			"faces": {
				"north": {"uv": [0, 0, 2, 1], "texture": "#0"},
				"east": {"uv": [14, 0, 16, 1], "texture": "#0"},
				"south": {"uv": [2, 0, 3, 3], "texture": "#1"},
				"west": {"uv": [0, 0, 2, 3], "texture": "#1"},
				"up": {"uv": [0, 0, 2, 2], "texture": "#1"},
				"down": {"uv": [0, 0, 3, 2], "texture": "#missing"}
			}
		},
		{
			"from": [10, 6, 14],
			"to": [14, 8, 16],
			"faces": {
				"north": {"uv": [0, 0, 4, 2], "texture": "#1"},
				"east": {"uv": [0, 0, 2, 2], "texture": "#missing"},
				"south": {"uv": [10, 3, 14, 5], "texture": "#0"},
				"west": {"uv": [0, 0, 2, 2], "texture": "#1"},
				"up": {"uv": [0, 0, 2, 4], "rotation": 90, "texture": "#1"},
				"down": {"uv": [0, 0, 2, 4], "rotation": 270, "texture": "#missing"}
			}
		},
		{
			"from": [14, 6, 10],
			"to": [16, 8, 16],
			"faces": {
				"north": {"uv": [0, 0, 2, 2], "texture": "#1"},
				"east": {"uv": [0, 3, 6, 5], "texture": "#0"},
				"south": {"uv": [14, 3, 16, 5], "texture": "#0"},
				"west": {"uv": [0, 0, 6, 2], "texture": "#1"},
				"up": {"uv": [0, 0, 6, 2], "rotation": 90, "texture": "#1"},
				"down": {"uv": [0, 0, 6, 2], "rotation": 270, "texture": "#missing"}
			}
		},
		{
			"from": [13, 8, 14],
			"to": [14, 11, 16],
			"faces": {
				"north": {"uv": [0, 0, 1, 3], "texture": "#1"},
				"east": {"uv": [0, 0, 2, 3], "texture": "#missing"},
				"south": {"uv": [13, 0, 14, 3], "texture": "#0"},
				"west": {"uv": [0, 0, 2, 3], "texture": "#1"},
				"up": {"uv": [0, 0, 2, 1], "rotation": 90, "texture": "#1"},
				"down": {"uv": [0, 0, 2, 1], "rotation": 270, "texture": "#missing"}
			}
		},
		{
			"from": [14, 8, 13],
			"to": [16, 11, 14],
			"faces": {
				"north": {"uv": [0, 0, 2, 3], "texture": "#1"},
				"east": {"uv": [2, 0, 3, 3], "texture": "#0"},
				"south": {"uv": [14, 0, 16, 3], "texture": "#0"},
				"west": {"uv": [0, 0, 1, 3], "texture": "#1"},
				"up": {"uv": [0, 0, 1, 2], "rotation": 90, "texture": "#1"},
				"down": {"uv": [0, 0, 3, 2], "rotation": 270, "texture": "#missing"}
			}
		},
		{
			"from": [14, 8, 14],
			"to": [16, 10, 16],
			"faces": {
				"north": {"uv": [0, 0, 2, 3], "texture": "#1"},
				"east": {"uv": [8, 7, 10, 9], "texture": "#4"},
				"south": {"uv": [5, 5, 7, 7], "texture": "#4"},
				"west": {"uv": [0, 0, 1, 3], "texture": "#1"},
				"up": {"uv": [0, 0, 1, 2], "rotation": 90, "texture": "#1"},
				"down": {"uv": [0, 0, 3, 2], "rotation": 270, "texture": "#missing"}
			}
		},
		{
			"from": [14, 10, 14],
			"to": [16, 11, 16],
			"faces": {
				"north": {"uv": [0, 0, 2, 3], "texture": "#1"},
				"east": {"uv": [0, 0, 2, 1], "texture": "#0"},
				"south": {"uv": [14, 0, 16, 1], "texture": "#0"},
				"west": {"uv": [0, 0, 1, 3], "texture": "#1"},
				"up": {"uv": [0, 0, 2, 2], "rotation": 90, "texture": "#1"},
				"down": {"uv": [0, 0, 3, 2], "rotation": 270, "texture": "#missing"}
			}
		},
		{
			"from": [0, 6, 10],
			"to": [2, 8, 14],
			"faces": {
				"north": {"uv": [0, 0, 2, 2], "texture": "#1"},
				"east": {"uv": [0, 0, 4, 2], "texture": "#1"},
				"south": {"uv": [0, 0, 2, 2], "texture": "#missing"},
				"west": {"uv": [11, 3, 15, 5], "texture": "#0"},
				"up": {"uv": [0, 0, 2, 4], "rotation": 180, "texture": "#1"},
				"down": {"uv": [0, 0, 2, 4], "rotation": 180, "texture": "#missing"}
			}
		},
		{
			"from": [0, 6, 14],
			"to": [6, 8, 16],
			"faces": {
				"north": {"uv": [0, 0, 6, 2], "texture": "#1"},
				"east": {"uv": [0, 0, 2, 2], "texture": "#1"},
				"south": {"uv": [0, 3, 6, 5], "texture": "#0"},
				"west": {"uv": [14, 5, 16, 7], "texture": "#0"},
				"up": {"uv": [0, 0, 6, 2], "rotation": 180, "texture": "#1"},
				"down": {"uv": [0, 0, 6, 2], "rotation": 180, "texture": "#missing"}
			}
		},
		{
			"from": [0, 8, 13],
			"to": [2, 11, 14],
			"faces": {
				"north": {"uv": [0, 0, 2, 3], "texture": "#1"},
				"east": {"uv": [0, 0, 1, 3], "texture": "#1"},
				"south": {"uv": [0, 0, 2, 3], "texture": "#missing"},
				"west": {"uv": [13, 0, 14, 3], "texture": "#0"},
				"up": {"uv": [0, 0, 2, 1], "rotation": 180, "texture": "#1"},
				"down": {"uv": [0, 0, 2, 1], "rotation": 180, "texture": "#missing"}
			}
		},
		{
			"from": [0, 8, 14],
			"to": [2, 10, 16],
			"faces": {
				"north": {"uv": [0, 0, 3, 3], "texture": "#1"},
				"east": {"uv": [0, 0, 2, 3], "texture": "#1"},
				"south": {"uv": [5, 11, 7, 13], "texture": "#5"},
				"west": {"uv": [8, 9, 10, 11], "texture": "#5"},
				"up": {"uv": [0, 0, 3, 2], "rotation": 180, "texture": "#1"},
				"down": {"uv": [0, 0, 3, 2], "rotation": 180, "texture": "#missing"}
			}
		},
		{
			"from": [0, 10, 14],
			"to": [2, 11, 16],
			"faces": {
				"north": {"uv": [0, 0, 3, 3], "texture": "#1"},
				"east": {"uv": [0, 0, 2, 3], "texture": "#1"},
				"south": {"uv": [0, 0, 2, 1], "texture": "#0"},
				"west": {"uv": [14, 0, 16, 1], "texture": "#0"},
				"up": {"uv": [0, 0, 3, 3], "rotation": 180, "texture": "#1"},
				"down": {"uv": [0, 0, 3, 2], "rotation": 180, "texture": "#missing"}
			}
		},
		{
			"from": [2, 8, 14],
			"to": [3, 11, 16],
			"faces": {
				"north": {"uv": [0, 0, 3, 3], "texture": "#1"},
				"east": {"uv": [0, 0, 2, 3], "texture": "#1"},
				"south": {"uv": [2, 0, 3, 3], "texture": "#0"},
				"west": {"uv": [14, 0, 16, 3], "texture": "#0"},
				"up": {"uv": [0, 0, 3, 2], "rotation": 180, "texture": "#1"},
				"down": {"uv": [0, 0, 3, 2], "rotation": 180, "texture": "#missing"}
			}
		},
		{
			"from": [2, 6, 0],
			"to": [6, 8, 2],
			"faces": {
				"north": {"uv": [10, 3, 14, 5], "texture": "#0"},
				"east": {"uv": [0, 0, 2, 2], "texture": "#1"},
				"south": {"uv": [0, 0, 4, 2], "texture": "#1"},
				"west": {"uv": [0, 0, 2, 2], "texture": "#missing"},
				"up": {"uv": [0, 0, 2, 4], "rotation": 270, "texture": "#1"},
				"down": {"uv": [0, 0, 2, 4], "rotation": 90, "texture": "#missing"}
			}
		},
		{
			"from": [0, 6, 0],
			"to": [2, 8, 6],
			"faces": {
				"north": {"uv": [14, 2, 16, 4], "texture": "#0"},
				"east": {"uv": [0, 0, 6, 2], "texture": "#1"},
				"south": {"uv": [0, 0, 2, 2], "texture": "#1"},
				"west": {"uv": [0, 3, 6, 5], "texture": "#0"},
				"up": {"uv": [0, 0, 6, 2], "rotation": 270, "texture": "#1"},
				"down": {"uv": [0, 0, 6, 2], "rotation": 90, "texture": "#missing"}
			}
		},
		{
			"from": [2, 8, 0],
			"to": [3, 11, 2],
			"faces": {
				"north": {"uv": [13, 0, 14, 3], "texture": "#0"},
				"east": {"uv": [0, 0, 2, 3], "texture": "#1"},
				"south": {"uv": [0, 0, 1, 3], "texture": "#1"},
				"west": {"uv": [0, 0, 2, 3], "texture": "#missing"},
				"up": {"uv": [0, 0, 2, 1], "rotation": 270, "texture": "#1"},
				"down": {"uv": [0, 0, 2, 1], "rotation": 90, "texture": "#missing"}
			}
		},
		{
			"from": [0, 8, 2],
			"to": [2, 11, 3],
			"faces": {
				"north": {"uv": [15, 0, 16, 3], "texture": "#0"},
				"east": {"uv": [2, 0, 3, 3], "texture": "#1"},
				"south": {"uv": [0, 0, 2, 3], "texture": "#1"},
				"west": {"uv": [2, 0, 3, 3], "texture": "#0"},
				"up": {"uv": [0, 0, 3, 2], "rotation": 270, "texture": "#1"},
				"down": {"uv": [0, 0, 3, 2], "rotation": 90, "texture": "#missing"}
			}
		},
		{
			"from": [0, 8, 0],
			"to": [2, 10, 2],
			"faces": {
				"north": {"uv": [11, 2, 13, 4], "texture": "#2"},
				"east": {"uv": [0, 0, 3, 3], "texture": "#1"},
				"south": {"uv": [0, 0, 2, 3], "texture": "#1"},
				"west": {"uv": [8, 2, 10, 4], "texture": "#2"},
				"up": {"uv": [0, 0, 3, 2], "rotation": 270, "texture": "#1"},
				"down": {"uv": [0, 0, 3, 2], "rotation": 90, "texture": "#missing"}
			}
		},
		{
			"from": [0, 10, 0],
			"to": [2, 11, 2],
			"faces": {
				"north": {"uv": [14, 0, 16, 1], "texture": "#0"},
				"east": {"uv": [0, 0, 3, 3], "texture": "#1"},
				"south": {"uv": [0, 0, 2, 3], "texture": "#1"},
				"west": {"uv": [0, 0, 2, 1], "texture": "#0"},
				"up": {"uv": [0, 0, 2, 2], "rotation": 270, "texture": "#1"},
				"down": {"uv": [0, 0, 3, 2], "rotation": 90, "texture": "#missing"}
			}
		}
	],
	"groups": [
		{
			"name": "group",
			"origin": [0, 0, 0],
			"color": 0,
			"nbt": "{}",
			"armAnimationEnabled": false,
			"children": [0, 1, 2, 3]
		},
		{
			"name": "Corner1",
			"origin": [0, 0, 0],
			"color": 0,
			"nbt": "{}",
			"armAnimationEnabled": false,
			"children": [4, 5, 6, 7, 8, 9]
		},
		{
			"name": "Corner2",
			"origin": [0, 0, 0],
			"color": 0,
			"nbt": "{}",
			"armAnimationEnabled": false,
			"children": [10, 11, 12, 13, 14, 15]
		},
		{
			"name": "Corner3",
			"origin": [0, 0, 0],
			"color": 0,
			"nbt": "{}",
			"armAnimationEnabled": false,
			"children": [16, 17, 18, 19, 20, 21]
		},
		{
			"name": "Corner4",
			"origin": [0, 0, 0],
			"color": 0,
			"nbt": "{}",
			"armAnimationEnabled": false,
			"children": [22, 23, 24, 25, 26, 27]
		}
	]
}