{
  "parent": "minecraft:item/generated",
  "overrides": [
    {
      "model": "minecraft:item/chainmail_helmet_quartz_trim",
      "predicate": {
        "trim_type": 0.1
      }
    },
	{
      "model": "minecraft:item/trims/helmet/chainmail/chainmail_helmet_prismarine_trim",
      "predicate": {
        "trim_type": 0.11
      }
    },
	{
      "model": "minecraft:item/trims/helmet/chainmail/chainmail_helmet_echo_shard_trim",
      "predicate": {
        "trim_type": 0.12
      }
    },
	{
      "model": "minecraft:item/trims/helmet/chainmail/chainmail_helmet_blaze_trim",
      "predicate": {
        "trim_type": 0.13
      }
    },
	{
      "model": "minecraft:item/trims/helmet/chainmail/chainmail_helmet_shell_trim",
      "predicate": {
        "trim_type": 0.14
      }
    },
	{
      "model": "minecraft:item/trims/helmet/chainmail/chainmail_helmet_breath_trim",
      "predicate": {
        "trim_type": 0.15
      }
    },
    {
      "model": "minecraft:item/chainmail_helmet_iron_trim",
      "predicate": {
        "trim_type": 0.2
      }
    },
    {
      "model": "minecraft:item/chainmail_helmet_netherite_trim",
      "predicate": {
        "trim_type": 0.3
      }
    },
    {
      "model": "minecraft:item/chainmail_helmet_redstone_trim",
      "predicate": {
        "trim_type": 0.4
      }
    },
    {
      "model": "minecraft:item/chainmail_helmet_copper_trim",
      "predicate": {
        "trim_type": 0.5
      }
    },
    {
      "model": "minecraft:item/chainmail_helmet_gold_trim",
      "predicate": {
        "trim_type": 0.6
      }
    },
    {
      "model": "minecraft:item/chainmail_helmet_emerald_trim",
      "predicate": {
        "trim_type": 0.7
      }
    },
    {
      "model": "minecraft:item/chainmail_helmet_diamond_trim",
      "predicate": {
        "trim_type": 0.8
      }
    },
    {
      "model": "minecraft:item/chainmail_helmet_lapis_trim",
      "predicate": {
        "trim_type": 0.9
      }
    },
    {
      "model": "minecraft:item/chainmail_helmet_amethyst_trim",
      "predicate": {
        "trim_type": 1.0
      }
    }
  ],
  "textures": {
    "layer0": "minecraft:item/chainmail_helmet"
  }
}