{
  "parent": "minecraft:item/generated",
  "overrides": [
    {
      "model": "minecraft:item/chainmail_boots_quartz_trim",
      "predicate": {
        "trim_type": 0.1
      }
    },
	{
      "model": "minecraft:item/trims/boots/chainmail/chainmail_boots_prismarine_trim",
      "predicate": {
        "trim_type": 0.11
      }
    },
	{
      "model": "minecraft:item/trims/boots/chainmail/chainmail_boots_echo_shard_trim",
      "predicate": {
        "trim_type": 0.12
      }
    },
	{
      "model": "minecraft:item/trims/boots/chainmail/chainmail_boots_blaze_trim",
      "predicate": {
        "trim_type": 0.13
      }
    },
	{
      "model": "minecraft:item/trims/boots/chainmail/chainmail_boots_shell_trim",
      "predicate": {
        "trim_type": 0.14
      }
    },
	{
      "model": "minecraft:item/trims/boots/chainmail/chainmail_boots_breath_trim",
      "predicate": {
        "trim_type": 0.15
      }
    },
    {
      "model": "minecraft:item/chainmail_boots_iron_trim",
      "predicate": {
        "trim_type": 0.2
      }
    },
    {
      "model": "minecraft:item/chainmail_boots_netherite_trim",
      "predicate": {
        "trim_type": 0.3
      }
    },
    {
      "model": "minecraft:item/chainmail_boots_redstone_trim",
      "predicate": {
        "trim_type": 0.4
      }
    },
    {
      "model": "minecraft:item/chainmail_boots_copper_trim",
      "predicate": {
        "trim_type": 0.5
      }
    },
    {
      "model": "minecraft:item/chainmail_boots_gold_trim",
      "predicate": {
        "trim_type": 0.6
      }
    },
    {
      "model": "minecraft:item/chainmail_boots_emerald_trim",
      "predicate": {
        "trim_type": 0.7
      }
    },
    {
      "model": "minecraft:item/chainmail_boots_diamond_trim",
      "predicate": {
        "trim_type": 0.8
      }
    },
    {
      "model": "minecraft:item/chainmail_boots_lapis_trim",
      "predicate": {
        "trim_type": 0.9
      }
    },
    {
      "model": "minecraft:item/chainmail_boots_amethyst_trim",
      "predicate": {
        "trim_type": 1.0
      }
    }
  ],
  "textures": {
    "layer0": "minecraft:item/chainmail_boots"
  }
}