{
  "parent": "minecraft:item/generated",
  "overrides": [
    {
      "model": "minecraft:item/diamond_chestplate_quartz_trim",
      "predicate": {
        "trim_type": 0.1
      }
    },
	{
      "model": "minecraft:item/trims/chestplate/diamond/diamond_chestplate_prismarine_trim",
      "predicate": {
        "trim_type": 0.11
      }
    },
	{
      "model": "minecraft:item/trims/chestplate/diamond/diamond_chestplate_echo_shard_trim",
      "predicate": {
        "trim_type": 0.12
      }
    },
	{
      "model": "minecraft:item/trims/chestplate/diamond/diamond_chestplate_blaze_trim",
      "predicate": {
        "trim_type": 0.13
      }
    },
	{
      "model": "minecraft:item/trims/chestplate/diamond/diamond_chestplate_shell_trim",
      "predicate": {
        "trim_type": 0.14
      }
    },
	{
      "model": "minecraft:item/trims/chestplate/diamond/diamond_chestplate_breath_trim",
      "predicate": {
        "trim_type": 0.15
      }
    },
    {
      "model": "minecraft:item/diamond_chestplate_iron_trim",
      "predicate": {
        "trim_type": 0.2
      }
    },
    {
      "model": "minecraft:item/diamond_chestplate_netherite_trim",
      "predicate": {
        "trim_type": 0.3
      }
    },
    {
      "model": "minecraft:item/diamond_chestplate_redstone_trim",
      "predicate": {
        "trim_type": 0.4
      }
    },
    {
      "model": "minecraft:item/diamond_chestplate_copper_trim",
      "predicate": {
        "trim_type": 0.5
      }
    },
    {
      "model": "minecraft:item/diamond_chestplate_gold_trim",
      "predicate": {
        "trim_type": 0.6
      }
    },
    {
      "model": "minecraft:item/diamond_chestplate_emerald_trim",
      "predicate": {
        "trim_type": 0.7
      }
    },
    {
      "model": "minecraft:item/diamond_chestplate_diamond_darker_trim",
      "predicate": {
        "trim_type": 0.8
      }
    },
    {
      "model": "minecraft:item/diamond_chestplate_lapis_trim",
      "predicate": {
        "trim_type": 0.9
      }
    },
    {
      "model": "minecraft:item/diamond_chestplate_amethyst_trim",
      "predicate": {
        "trim_type": 1.0
      }
    }
  ],
  "textures": {
    "layer0": "minecraft:item/diamond_chestplate"
  }
}