{
  "parent": "minecraft:item/generated",
  "overrides": [
    {
      "model": "minecraft:item/diamond_leggings_quartz_trim",
      "predicate": {
        "trim_type": 0.1
      }
    },
	{
      "model": "minecraft:item/trims/leggings/diamond/diamond_leggings_prismarine_trim",
      "predicate": {
        "trim_type": 0.11
      }
    },
	{
      "model": "minecraft:item/trims/leggings/diamond/diamond_leggings_echo_shard_trim",
      "predicate": {
        "trim_type": 0.12
      }
    },
	{
      "model": "minecraft:item/trims/leggings/diamond/diamond_leggings_blaze_trim",
      "predicate": {
        "trim_type": 0.13
      }
    },
	{
      "model": "minecraft:item/trims/leggings/diamond/diamond_leggings_shell_trim",
      "predicate": {
        "trim_type": 0.14
      }
    },
	{
      "model": "minecraft:item/trims/leggings/diamond/diamond_leggings_breath_trim",
      "predicate": {
        "trim_type": 0.15
      }
    },
    {
      "model": "minecraft:item/diamond_leggings_iron_trim",
      "predicate": {
        "trim_type": 0.2
      }
    },
    {
      "model": "minecraft:item/diamond_leggings_netherite_trim",
      "predicate": {
        "trim_type": 0.3
      }
    },
    {
      "model": "minecraft:item/diamond_leggings_redstone_trim",
      "predicate": {
        "trim_type": 0.4
      }
    },
    {
      "model": "minecraft:item/diamond_leggings_copper_trim",
      "predicate": {
        "trim_type": 0.5
      }
    },
    {
      "model": "minecraft:item/diamond_leggings_gold_trim",
      "predicate": {
        "trim_type": 0.6
      }
    },
    {
      "model": "minecraft:item/diamond_leggings_emerald_trim",
      "predicate": {
        "trim_type": 0.7
      }
    },
    {
      "model": "minecraft:item/diamond_leggings_diamond_darker_trim",
      "predicate": {
        "trim_type": 0.8
      }
    },
    {
      "model": "minecraft:item/diamond_leggings_lapis_trim",
      "predicate": {
        "trim_type": 0.9
      }
    },
    {
      "model": "minecraft:item/diamond_leggings_amethyst_trim",
      "predicate": {
        "trim_type": 1.0
      }
    }
  ],
  "textures": {
    "layer0": "minecraft:item/diamond_leggings"
  }
}