{
	"credit": "Made with Blockbench",
	"textures": {
		"0": "item/frog_hat",
		"particle": "item/frog_hat"
	},
			"display": {
        "head": {
            "rotation": [ 0, 0, 0 ],
            "translation": [ 0, 4, 0],
            "scale":[ 1.6, 1.6, 1.6 ]
		},
		"gui": {
            "rotation": [ 30, 45, 0 ],
            "translation": [ 0, 12, 0],
            "scale":[ 0.75, 0.75, 0.75 ]
		},
			"ground": {
            "rotation": [ 0, 0, 0 ],
            "translation": [ 0, 8, 0],
            "scale":[ 0.5, 0.5, 0.5 ]
		},
        "firstperson_righthand": {
            "rotation": [ 0, 45, 0 ],
            "translation": [ 0, 15, 0],
            "scale":[ 0.75, 0.75, 0.75 ]
		},
        "firstperson_lefthand": {
            "rotation": [ 0, -45, 0 ],
            "translation": [ 0, 15, 0],
            "scale":[ 0.75, 0.75, 0.75 ]
		},
		"thirdperson_righthand": {
            "rotation": [ 0, 45, 0 ],
            "translation": [ 0, 11, 0],
            "scale":[ 0.5, 0.5, 0.5 ]
		},
		"thirdperson_lefthand": {
            "rotation": [ 0, -45, 0 ],
            "translation": [ 0, 11, 0],
            "scale":[ 0.5, 0.5, 0.5 ]
		}
			},
	"elements": [
		{
			"from": [5, -12, 11],
			"to": [11, -12, 14],
			"faces": {
				"north": {"uv": [0, 0, 5.33333, 16], "texture": "#0"},
				"east": {"uv": [0, 0, 12, 0], "texture": "#missing"},
				"south": {"uv": [0, 0, 12, 0], "texture": "#missing"},
				"west": {"uv": [0, 0, 12, 0], "texture": "#missing"},
				"up": {"uv": [1.33333, 12, 4, 16], "texture": "#0"},
				"down": {"uv": [1.33333, 12, 4, 16], "rotation": 180, "texture": "#0"}
			}
		},
		{
			"from": [5, -12, 2],
			"to": [11, -12, 5],
			"faces": {
				"north": {"uv": [0, 0, 5.33333, 16], "texture": "#0"},
				"east": {"uv": [0, 0, 12, 0], "texture": "#missing"},
				"south": {"uv": [0, 0, 12, 0], "texture": "#missing"},
				"west": {"uv": [0, 0, 12, 0], "texture": "#missing"},
				"up": {"uv": [1.33333, 0, 4, 4], "texture": "#0"},
				"down": {"uv": [1.33333, 0, 4, 4], "rotation": 180, "texture": "#0"}
			}
		},
		{
			"from": [2, -12, 2],
			"to": [5, -12, 14],
			"faces": {
				"north": {"uv": [0, 0, 5.33333, 16], "texture": "#0"},
				"east": {"uv": [0, 0, 12, 0], "texture": "#missing"},
				"south": {"uv": [0, 0, 12, 0], "texture": "#missing"},
				"west": {"uv": [0, 0, 12, 0], "texture": "#missing"},
				"up": {"uv": [0, 0, 1.33333, 16], "texture": "#0"},
				"down": {"uv": [0, 0, 1.33333, 16], "texture": "#0"}
			}
		},
		{
			"from": [11, -12, 2],
			"to": [14, -12, 14],
			"faces": {
				"north": {"uv": [0, 0, 5.33333, 16], "texture": "#0"},
				"east": {"uv": [0, 0, 12, 0], "texture": "#missing"},
				"south": {"uv": [0, 0, 12, 0], "texture": "#missing"},
				"west": {"uv": [0, 0, 12, 0], "texture": "#missing"},
				"up": {"uv": [4, 0, 5.33333, 16], "texture": "#0"},
				"down": {"uv": [4, 0, 5.33333, 16], "texture": "#0"}
			}
		},
		{
			"from": [5, -12, 5],
			"to": [11, -9, 11],
			"faces": {
				"north": {"uv": [8, 7, 10.66667, 11], "texture": "#0"},
				"east": {"uv": [5.33333, 7, 8, 11], "texture": "#0"},
				"south": {"uv": [13.33333, 7, 16, 11], "texture": "#0"},
				"west": {"uv": [10.66667, 7, 13.33333, 11], "texture": "#0"},
				"up": {"uv": [8, 0, 10.66667, 7], "texture": "#0"},
				"down": {"uv": [1.66667, 4.33333, 3.66667, 11.66667], "texture": "#0"}
			}
		}
	]
}