{
    "parent": "item/generated",
    "textures": {
        "layer0": "item/green_dye"
    },

	"overrides": [
		{"predicate": {"custom_model_data":1}, "model": "item/money/cash1"},
		{"predicate": {"custom_model_data":2}, "model": "item/money/cash2"},
		{"predicate": {"custom_model_data":3}, "model": "item/money/cash3"},
		{"predicate": {"custom_model_data":4}, "model": "item/money/cash4"},
		{"predicate": {"custom_model_data":5}, "model": "item/money/cash5"},
		{"predicate": {"custom_model_data":6}, "model": "item/money/cash6"}
	]
}