{
  "parent": "minecraft:item/handheld",
  "overrides": [
    {
      "model": "minecraft:item/trims/sword/iron/shaper/iron_sword_quartz_shaper_trim",
      "predicate": {
        "custom_model_data":110
     }
    },
	{
      "model": "minecraft:item/trims/sword/iron/shaper/iron_sword_prismarine_shaper_trim",
      "predicate": {
        "custom_model_data":111
      }
    },
	{
      "model": "minecraft:item/trims/sword/iron/shaper/iron_sword_echo_shard_shaper_trim",
      "predicate": {
        "custom_model_data":112
      }
    },
	{
      "model": "minecraft:item/trims/sword/iron/shaper/iron_sword_blaze_shaper_trim",
      "predicate": {
        "custom_model_data":113
      }
    },
	{
      "model": "minecraft:item/trims/sword/iron/shaper/iron_sword_shell_shaper_trim",
      "predicate": {
        "custom_model_data":114
      }
    },
	{
      "model": "minecraft:item/trims/sword/iron/shaper/iron_sword_breath_shaper_trim",
      "predicate": {
        "custom_model_data":115
      }
    },
    {
      "model": "minecraft:item/trims/sword/iron/shaper/iron_sword_iron_shaper_trim",
      "predicate": {
        "custom_model_data":120
     }
    },
    {
      "model": "minecraft:item/trims/sword/iron/shaper/iron_sword_netherite_shaper_trim",
      "predicate": {
        "custom_model_data":130
     }
    },
    {
      "model": "minecraft:item/trims/sword/iron/shaper/iron_sword_redstone_shaper_trim",
      "predicate": {
        "custom_model_data":140
     }
    },
    {
      "model": "minecraft:item/trims/sword/iron/shaper/iron_sword_copper_shaper_trim",
      "predicate": {
        "custom_model_data":150
     }
    },
    {
      "model": "minecraft:item/trims/sword/iron/shaper/iron_sword_gold_shaper_trim",
      "predicate": {
        "custom_model_data":160
     }
    },
    {
      "model": "minecraft:item/trims/sword/iron/shaper/iron_sword_emerald_shaper_trim",
      "predicate": {
        "custom_model_data":170
     }
    },
    {
      "model": "minecraft:item/trims/sword/iron/shaper/iron_sword_diamond_shaper_trim",
      "predicate": {
        "custom_model_data":180
     }
    },
    {
      "model": "minecraft:item/trims/sword/iron/shaper/iron_sword_lapis_shaper_trim",
      "predicate": {
        "custom_model_data":190
     }
    },
    {
      "model": "minecraft:item/trims/sword/iron/shaper/iron_sword_amethyst_shaper_trim",
      "predicate": {
        "custom_model_data":199
     }
    },
	{
      "model": "minecraft:item/trims/sword/iron/wayfinder/iron_sword_quartz_wayfinder_trim",
      "predicate": {
		"custom_model_data":210
     }
    },
	{
      "model": "minecraft:item/trims/sword/iron/wayfinder/iron_sword_prismarine_wayfinder_trim",
      "predicate": {
		"custom_model_data":211
      }
    },
	{
      "model": "minecraft:item/trims/sword/iron/wayfinder/iron_sword_echo_shard_wayfinder_trim",
      "predicate": {
		"custom_model_data":212
      }
    },
	{
      "model": "minecraft:item/trims/sword/iron/wayfinder/iron_sword_blaze_wayfinder_trim",
      "predicate": {
		"custom_model_data":213
      }
    },
	{
      "model": "minecraft:item/trims/sword/iron/wayfinder/iron_sword_shell_wayfinder_trim",
      "predicate": {
		"custom_model_data":214
      }
    },
	{
      "model": "minecraft:item/trims/sword/iron/wayfinder/iron_sword_breath_wayfinder_trim",
      "predicate": {
		"custom_model_data":215
      }
    },
    {
      "model": "minecraft:item/trims/sword/iron/wayfinder/iron_sword_iron_wayfinder_trim",
      "predicate": {
		"custom_model_data":220
     }
    },
    {
      "model": "minecraft:item/trims/sword/iron/wayfinder/iron_sword_netherite_wayfinder_trim",
      "predicate": {
		"custom_model_data":230
     }
    },
    {
      "model": "minecraft:item/trims/sword/iron/wayfinder/iron_sword_redstone_wayfinder_trim",
      "predicate": {
		"custom_model_data":240
     }
    },
    {
      "model": "minecraft:item/trims/sword/iron/wayfinder/iron_sword_copper_wayfinder_trim",
      "predicate": {
		"custom_model_data":250
     }
    },
    {
      "model": "minecraft:item/trims/sword/iron/wayfinder/iron_sword_gold_wayfinder_trim",
      "predicate": {
		"custom_model_data":260
     }
    },
    {
      "model": "minecraft:item/trims/sword/iron/wayfinder/iron_sword_emerald_wayfinder_trim",
      "predicate": {
		"custom_model_data":270
     }
    },
    {
      "model": "minecraft:item/trims/sword/iron/wayfinder/iron_sword_diamond_wayfinder_trim",
      "predicate": {
		"custom_model_data":280
     }
    },
    {
      "model": "minecraft:item/trims/sword/iron/wayfinder/iron_sword_lapis_wayfinder_trim",
      "predicate": {
		"custom_model_data":290
     }
    },
    {
      "model": "minecraft:item/trims/sword/iron/wayfinder/iron_sword_amethyst_wayfinder_trim",
      "predicate": {
		"custom_model_data":299
     }
    },
	{
      "model": "minecraft:item/trims/sword/iron/raiser/iron_sword_quartz_raiser_trim",
      "predicate": {
		"custom_model_data":310
     }
    },
	{
      "model": "minecraft:item/trims/sword/iron/raiser/iron_sword_prismarine_raiser_trim",
      "predicate": {
		"custom_model_data":311
      }
    },
	{
      "model": "minecraft:item/trims/sword/iron/raiser/iron_sword_echo_shard_raiser_trim",
      "predicate": {
		"custom_model_data":312
      }
    },
	{
      "model": "minecraft:item/trims/sword/iron/raiser/iron_sword_blaze_raiser_trim",
      "predicate": {
		"custom_model_data":313
      }
    },
	{
      "model": "minecraft:item/trims/sword/iron/raiser/iron_sword_shell_raiser_trim",
      "predicate": {
		"custom_model_data":314
      }
    },
	{
      "model": "minecraft:item/trims/sword/iron/raiser/iron_sword_breath_raiser_trim",
      "predicate": {
		"custom_model_data":315
      }
    },
    {
      "model": "minecraft:item/trims/sword/iron/raiser/iron_sword_iron_raiser_trim",
      "predicate": {
		"custom_model_data":320
     }
    },
    {
      "model": "minecraft:item/trims/sword/iron/raiser/iron_sword_netherite_raiser_trim",
      "predicate": {
		"custom_model_data":330
     }
    },
    {
      "model": "minecraft:item/trims/sword/iron/raiser/iron_sword_redstone_raiser_trim",
      "predicate": {
		"custom_model_data":340
     }
    },
    {
      "model": "minecraft:item/trims/sword/iron/raiser/iron_sword_copper_raiser_trim",
      "predicate": {
		"custom_model_data":350
     }
    },
    {
      "model": "minecraft:item/trims/sword/iron/raiser/iron_sword_gold_raiser_trim",
      "predicate": {
		"custom_model_data":360
     }
    },
    {
      "model": "minecraft:item/trims/sword/iron/raiser/iron_sword_emerald_raiser_trim",
      "predicate": {
		"custom_model_data":370
     }
    },
    {
      "model": "minecraft:item/trims/sword/iron/raiser/iron_sword_diamond_raiser_trim",
      "predicate": {
		"custom_model_data":380
     }
    },
    {
      "model": "minecraft:item/trims/sword/iron/raiser/iron_sword_lapis_raiser_trim",
      "predicate": {
		"custom_model_data":390
     }
    },
    {
      "model": "minecraft:item/trims/sword/iron/raiser/iron_sword_amethyst_raiser_trim",
      "predicate": {
		"custom_model_data":399
     }
    },
	{
      "model": "minecraft:item/trims/sword/iron/host/iron_sword_quartz_host_trim",
      "predicate": {
		"custom_model_data":410
     }
    },
	{
      "model": "minecraft:item/trims/sword/iron/host/iron_sword_prismarine_host_trim",
      "predicate": {
		"custom_model_data":411
      }
    },
	{
      "model": "minecraft:item/trims/sword/iron/host/iron_sword_echo_shard_host_trim",
      "predicate": {
		"custom_model_data":412
      }
    },
	{
      "model": "minecraft:item/trims/sword/iron/host/iron_sword_blaze_host_trim",
      "predicate": {
		"custom_model_data":413
      }
    },
	{
      "model": "minecraft:item/trims/sword/iron/host/iron_sword_shell_host_trim",
      "predicate": {
		"custom_model_data":414
      }
    },
	{
      "model": "minecraft:item/trims/sword/iron/host/iron_sword_breath_host_trim",
      "predicate": {
		"custom_model_data":415
      }
    },
    {
      "model": "minecraft:item/trims/sword/iron/host/iron_sword_iron_host_trim",
      "predicate": {
		"custom_model_data":420
     }
    },
    {
      "model": "minecraft:item/trims/sword/iron/host/iron_sword_netherite_host_trim",
      "predicate": {
		"custom_model_data":430
     }
    },
    {
      "model": "minecraft:item/trims/sword/iron/host/iron_sword_redstone_host_trim",
      "predicate": {
		"custom_model_data":440
     }
    },
    {
      "model": "minecraft:item/trims/sword/iron/host/iron_sword_copper_host_trim",
      "predicate": {
		"custom_model_data":450
     }
    },
    {
      "model": "minecraft:item/trims/sword/iron/host/iron_sword_gold_host_trim",
      "predicate": {
		"custom_model_data":460
     }
    },
    {
      "model": "minecraft:item/trims/sword/iron/host/iron_sword_emerald_host_trim",
      "predicate": {
		"custom_model_data":470
     }
    },
    {
      "model": "minecraft:item/trims/sword/iron/host/iron_sword_diamond_host_trim",
      "predicate": {
		"custom_model_data":480
     }
    },
    {
      "model": "minecraft:item/trims/sword/iron/host/iron_sword_lapis_host_trim",
      "predicate": {
		"custom_model_data":490
     }
    },
    {
      "model": "minecraft:item/trims/sword/iron/host/iron_sword_amethyst_host_trim",
      "predicate": {
		"custom_model_data":499
     }
    }
  ],
  "textures": {
    "layer0": "minecraft:item/iron_sword"
  }
}