{
	"credit": "Made with Blockbench",
	"texture_size": [32, 32],
	"textures": {
		"2": "item/mace/texture"
	},
	"elements": [
		{
			"name": "bottom handle",
			"from": [5, 0, 7],
			"to": [11, 2, 9],
			"faces": {
				"north": {"uv": [3, 9.5, 6, 10.5], "texture": "#2"},
				"east": {"uv": [9, 0, 10, 1], "texture": "#2"},
				"south": {"uv": [6, 9.5, 9, 10.5], "texture": "#2"},
				"west": {"uv": [9, 1, 10, 2], "texture": "#2"},
				"up": {"uv": [11, 8.5, 8, 7.5], "texture": "#2"},
				"down": {"uv": [11, 8.5, 8, 9.5], "texture": "#2"}
			}
		},
		{
			"name": "handle",
			"from": [7, 2, 7],
			"to": [9, 17, 9],
			"faces": {
				"north": {"uv": [0, 8, 1, 15.5], "texture": "#2"},
				"east": {"uv": [8, 0, 9, 7.5], "texture": "#2"},
				"south": {"uv": [1, 8, 2, 15.5], "texture": "#2"},
				"west": {"uv": [2, 8, 3, 15.5], "texture": "#2"},
				"up": {"uv": [10, 3, 9, 2], "texture": "#2"},
				"down": {"uv": [4, 9, 3, 10], "texture": "#2"}
			}
		},
		{
			"name": "top screw",
			"from": [6.5, 15.5, 7.5],
			"to": [9.5, 16.5, 8.5],
			"faces": {
				"north": {"uv": [6, 10.5, 7.5, 11], "texture": "#2"},
				"east": {"uv": [4, 10.5, 4.5, 11], "texture": "#2"},
				"south": {"uv": [4.5, 11, 6, 11.5], "texture": "#2"},
				"west": {"uv": [4, 11, 4.5, 11.5], "texture": "#2"},
				"up": {"uv": [6, 11, 7.5, 11.5], "texture": "#2"},
				"down": {"uv": [4.5, 10.5, 6, 11], "texture": "#2"}
			}
		},
		{
			"name": "middle screw",
			"from": [7.5, 3.5, 6.5],
			"to": [8.5, 4.5, 9.5],
			"faces": {
				"north": {"uv": [6, 12, 6.5, 12.5], "texture": "#2"},
				"east": {"uv": [7, 12.5, 5.5, 13], "texture": "#2"},
				"south": {"uv": [5.5, 12, 6, 12.5], "texture": "#2"},
				"west": {"uv": [5.5, 13, 7, 13.5], "texture": "#2"},
				"up": {"uv": [7.5, 12, 8, 13.5], "texture": "#2"},
				"down": {"uv": [7, 12, 7.5, 13.5], "texture": "#2"}
			}
		},
		{
			"name": "bottom screw",
			"from": [7.5, 1.5, 6.5],
			"to": [8.5, 2.5, 9.5],
			"faces": {
				"north": {"uv": [6, 12, 6.5, 12.5], "texture": "#2"},
				"east": {"uv": [7, 12.5, 5.5, 13], "texture": "#2"},
				"south": {"uv": [5.5, 12, 6, 12.5], "texture": "#2"},
				"west": {"uv": [5.5, 13, 7, 13.5], "texture": "#2"},
				"up": {"uv": [7.5, 12, 8, 13.5], "texture": "#2"},
				"down": {"uv": [7, 12, 7.5, 13.5], "texture": "#2"}
			}
		},
		{
			"from": [4, 19, 7],
			"to": [12, 23, 8],
			"rotation": {"angle": 0, "axis": "y", "origin": [7, 18, 6]},
			"faces": {
				"north": {"uv": [0, 2, 4, 4], "texture": "#2"},
				"east": {"uv": [3.5, 2, 4, 4], "texture": "#2"},
				"south": {"uv": [4, 2, 8, 4], "texture": "#2"},
				"west": {"uv": [0, 2, 0.5, 4], "texture": "#2"},
				"up": {"uv": [0, 2, 4, 2.5], "texture": "#2"},
				"down": {"uv": [4.5, 3.5, 5, 4], "texture": "#2"}
			}
		},
		{
			"from": [4, 17, 7],
			"to": [12, 18, 8],
			"rotation": {"angle": 0, "axis": "y", "origin": [7, 13, 6]},
			"faces": {
				"north": {"uv": [0, 4.5, 4, 5], "texture": "#2"},
				"east": {"uv": [3.5, 4.5, 4, 5], "texture": "#2"},
				"south": {"uv": [4, 4.5, 8, 5], "texture": "#2"},
				"west": {"uv": [0, 4.5, 0.5, 5], "texture": "#2"},
				"up": {"uv": [4, 4, 4.5, 4.5], "texture": "#2"},
				"down": {"uv": [0, 4.5, 4, 5], "texture": "#2"}
			}
		},
		{
			"from": [6, 18, 7],
			"to": [10, 19, 8],
			"rotation": {"angle": 0, "axis": "y", "origin": [9, 14, 6]},
			"faces": {
				"north": {"uv": [1, 4, 3, 4.5], "texture": "#2"},
				"east": {"uv": [2.5, 4, 3, 4.5], "texture": "#2"},
				"south": {"uv": [5, 4, 7, 4.5], "texture": "#2"},
				"west": {"uv": [1, 4, 1.5, 4.5], "texture": "#2"},
				"up": {"uv": [6, 6.5, 6.5, 7], "texture": "#2"},
				"down": {"uv": [4, 6.5, 4.5, 7], "texture": "#2"}
			}
		},
		{
			"from": [11, 18, 7],
			"to": [12, 19, 8],
			"rotation": {"angle": 0, "axis": "y", "origin": [14, 14, 6]},
			"faces": {
				"north": {"uv": [0, 4, 0.5, 4.5], "texture": "#2"},
				"east": {"uv": [0, 4, 0.5, 4.5], "texture": "#2"},
				"south": {"uv": [0, 4, 0.5, 4.5], "texture": "#2"},
				"west": {"uv": [0, 4, 0.5, 4.5], "texture": "#2"},
				"up": {"uv": [6, 6.5, 6.5, 7], "texture": "#2"},
				"down": {"uv": [4, 6.5, 4.5, 7], "texture": "#2"}
			}
		},
		{
			"from": [4, 18, 7],
			"to": [5, 19, 8],
			"rotation": {"angle": 0, "axis": "y", "origin": [7, 14, 6]},
			"faces": {
				"north": {"uv": [0, 4, 0.5, 4.5], "texture": "#2"},
				"east": {"uv": [4, 4, 4.5, 4.5], "texture": "#2"},
				"south": {"uv": [4, 4, 4.5, 4.5], "texture": "#2"},
				"west": {"uv": [4, 4, 4.5, 4.5], "texture": "#2"},
				"up": {"uv": [6, 6.5, 6.5, 7], "texture": "#2"},
				"down": {"uv": [4, 6.5, 4.5, 7], "texture": "#2"}
			}
		},
		{
			"from": [5, 23, 7],
			"to": [11, 25, 8],
			"rotation": {"angle": 0, "axis": "y", "origin": [7, 22, 6]},
			"faces": {
				"north": {"uv": [0.5, 1, 3.5, 2], "texture": "#2"},
				"east": {"uv": [3, 1, 3.5, 2], "texture": "#2"},
				"south": {"uv": [4.5, 1, 7.5, 2], "texture": "#2"},
				"west": {"uv": [0.5, 1, 1, 2], "texture": "#2"},
				"up": {"uv": [0.5, 1.5, 3.5, 2], "texture": "#2"},
				"down": {"uv": [4.5, 1.5, 7.5, 2], "texture": "#2"}
			}
		},
		{
			"from": [6, 25, 7],
			"to": [10, 26, 8],
			"rotation": {"angle": 0, "axis": "y", "origin": [7, 24, 6]},
			"faces": {
				"north": {"uv": [1, 0.5, 3, 1], "texture": "#2"},
				"east": {"uv": [6.5, 0.5, 7, 1], "texture": "#2"},
				"south": {"uv": [5, 0.5, 7, 1], "texture": "#2"},
				"west": {"uv": [2.5, 0.5, 3, 1], "texture": "#2"},
				"up": {"uv": [1, 0.5, 3, 1], "texture": "#2"},
				"down": {"uv": [5, 0.5, 7, 1], "texture": "#2"}
			}
		},
		{
			"from": [7, 26, 7],
			"to": [9, 27, 8],
			"rotation": {"angle": 0, "axis": "y", "origin": [7, 25, 6]},
			"faces": {
				"north": {"uv": [1.5, 0, 2.5, 0.5], "texture": "#2"},
				"east": {"uv": [1.5, 0, 2, 0.5], "texture": "#2"},
				"south": {"uv": [5.5, 0, 6.5, 0.5], "texture": "#2"},
				"west": {"uv": [1.5, 0, 2, 0.5], "texture": "#2"},
				"up": {"uv": [1.5, 0, 2.5, 0.5], "texture": "#2"},
				"down": {"uv": [1.5, 0, 2.5, 0.5], "texture": "#2"}
			}
		}
	],
	"display": {
		"thirdperson_righthand": {
			"rotation": [0, -71, 5],
			"translation": [0, -2.5, 1.5]
		},
		"thirdperson_lefthand": {
			"rotation": [0, -71, 5],
			"translation": [0, 0, 1.5]
		},
		"firstperson_righthand": {
			"rotation": [-1, -78, -12],
			"translation": [0.25, 1.5, 1.25],
			"scale": [0.5, 0.5, 0.5]
		},
		"firstperson_lefthand": {
			"rotation": [-1, -78, -12],
			"translation": [0.25, 1.5, 1.25],
			"scale": [0.5, 0.5, 0.5]
		},
		"ground": {
			"translation": [0, 4.5, 0]
		},
		"gui": {
			"rotation": [9, -30, -43],
			"translation": [-1.75, -2, 0],
			"scale": [0.75, 0.75, 0.75]
		},
		"fixed": {
			"rotation": [0, 180, 0],
			"translation": [0, -4, -1],
			"scale": [0.75, 0.75, 0.75]
		}
	},
	"groups": [
		{
			"name": "group",
			"origin": [8, 8, 8],
			"color": 0,
			"nbt": "{}",
			"children": [
				0,
				1,
				2,
				3,
				4,
				{
					"name": "Head",
					"origin": [7, 17, 6],
					"color": 0,
					"nbt": "{}",
					"children": [5, 6, 7, 8, 9, 10, 11, 12]
				}
			]
		}
	]
}