{
    "parent": "item/generated",
    "textures": {
        "layer0": "item/poisonous_potato"
    },

	"overrides": [
		{"predicate": {"custom_model_data":1}, "model": "item/food/raw_goat"},
		{"predicate": {"custom_model_data":2}, "model": "item/food/cooked_goat"},
		{"predicate": {"custom_model_data":3}, "model": "item/food/raw_horse"},
		{"predicate": {"custom_model_data":4}, "model": "item/food/cooked_horse"},
		{"predicate": {"custom_model_data":5}, "model": "item/food/raw_llama"},
		{"predicate": {"custom_model_data":6}, "model": "item/food/cooked_llama"},
		{"predicate": {"custom_model_data":7}, "model": "item/food/raw_frog"},
		{"predicate": {"custom_model_data":8}, "model": "item/food/cooked_frog"},
		{"predicate": {"custom_model_data":9}, "model": "item/food/raw_dog"},
		{"predicate": {"custom_model_data":10}, "model": "item/food/cooked_dog"},
		{"predicate": {"custom_model_data":11}, "model": "item/food/fried_egg"},
		{"predicate": {"custom_model_data":12}, "model": "item/food/fried_turtle_egg"},
		{"predicate": {"custom_model_data":13}, "model": "item/food/fried_dragon_egg"},
		{"predicate": {"custom_model_data":14}, "model": "item/food/raw_bear"},
		{"predicate": {"custom_model_data":15}, "model": "item/food/cooked_bear"},
		{"predicate": {"custom_model_data":16}, "model": "item/food/raw_bird"},
		{"predicate": {"custom_model_data":17}, "model": "item/food/cooked_bird"},
		{"predicate": {"custom_model_data":18}, "model": "item/food/music_disc_meat"}
	]
}