{
    "parent": "item/generated",
    "textures": {
        "layer0": "item/spider_eye"
    },

	"overrides": [
		{"predicate": {"custom_model_data":1}, "model": "item/red/red"},
		{"predicate": {"custom_model_data":2}, "model": "item/red/red1"},
		{"predicate": {"custom_model_data":3}, "model": "item/red/red2"},
		{"predicate": {"custom_model_data":4}, "model": "item/red/red3"},
		{"predicate": {"custom_model_data":5}, "model": "item/red/red4"},
		{"predicate": {"custom_model_data":6}, "model": "item/red/red5"},
		{"predicate": {"custom_model_data":7}, "model": "item/red/red1jumping"},
		{"predicate": {"custom_model_data":8}, "model": "item/red/red2jumping"},
		{"predicate": {"custom_model_data":9}, "model": "item/red/red3jumping"},
		{"predicate": {"custom_model_data":10}, "model": "item/red/red4jumping"},
		{"predicate": {"custom_model_data":11}, "model": "item/red/red5jumping"}
	]
}