{
    "parent": "item/generated",
    "textures": {
        "layer0": "item/guh"
    },
	"display": {
		"ground": {
            "rotation": [ 0, 0, 0 ],
            "translation": [ 0, 4, 0],
            "scale":[ 0.25, 0.25, 0.25 ]
        }
	},
	"overrides": [
		{"predicate": {"custom_model_data":1}, "model": "item/new_emoji/stare"},
		{"predicate": {"custom_model_data":2}, "model": "item/new_emoji/melon_scout"},
		{"predicate": {"custom_model_data":3}, "model": "item/new_emoji/weezer"},
		{"predicate": {"custom_model_data":4}, "model": "item/new_emoji/nerd"},
		{"predicate": {"custom_model_data":5}, "model": "item/new_emoji/clown"},
		{"predicate": {"custom_model_data":6}, "model": "item/new_emoji/guhmoji"}
		
	]

}