{
    "parent": "item/generated",
    "textures": {
        "layer0": "item/tipped_arrow_head",
        "layer1": "item/tipped_arrow_base"
    },

	"overrides": [
		{"predicate": {"custom_model_data":1}, "model": "item/note/middle/note1"},
		{"predicate": {"custom_model_data":2}, "model": "item/note/middle/note2"},
		{"predicate": {"custom_model_data":3}, "model": "item/note/middle/note3"},
		{"predicate": {"custom_model_data":4}, "model": "item/note/middle/note4"},
		{"predicate": {"custom_model_data":5}, "model": "item/note/middle/note5"},
		{"predicate": {"custom_model_data":6}, "model": "item/note/middle/note6"},
		{"predicate": {"custom_model_data":7}, "model": "item/note/middle/note7"},
		{"predicate": {"custom_model_data":8}, "model": "item/note/farleft/note1"},
		{"predicate": {"custom_model_data":9}, "model": "item/note/farleft/note2"},
		{"predicate": {"custom_model_data":10}, "model": "item/note/farleft/note3"},
		{"predicate": {"custom_model_data":11}, "model": "item/note/farleft/note4"},
		{"predicate": {"custom_model_data":12}, "model": "item/note/farleft/note5"},
		{"predicate": {"custom_model_data":13}, "model": "item/note/farleft/note6"},
		{"predicate": {"custom_model_data":14}, "model": "item/note/farleft/note7"},
		{"predicate": {"custom_model_data":15}, "model": "item/note/farleft/note8"},
		{"predicate": {"custom_model_data":16}, "model": "item/note/left/note1"},
		{"predicate": {"custom_model_data":17}, "model": "item/note/left/note2"},
		{"predicate": {"custom_model_data":18}, "model": "item/note/left/note3"},
		{"predicate": {"custom_model_data":19}, "model": "item/note/left/note4"},
		{"predicate": {"custom_model_data":20}, "model": "item/note/left/note5"},
		{"predicate": {"custom_model_data":21}, "model": "item/note/left/note6"},
		{"predicate": {"custom_model_data":22}, "model": "item/note/left/note7"},
		{"predicate": {"custom_model_data":23}, "model": "item/note/left/note8"},
		{"predicate": {"custom_model_data":24}, "model": "item/note/right/note1"},
		{"predicate": {"custom_model_data":25}, "model": "item/note/right/note2"},
		{"predicate": {"custom_model_data":26}, "model": "item/note/right/note3"},
		{"predicate": {"custom_model_data":27}, "model": "item/note/right/note4"},
		{"predicate": {"custom_model_data":28}, "model": "item/note/right/note5"},
		{"predicate": {"custom_model_data":29}, "model": "item/note/right/note6"},
		{"predicate": {"custom_model_data":30}, "model": "item/note/right/note7"},
		{"predicate": {"custom_model_data":31}, "model": "item/note/right/note8"},
		{"predicate": {"custom_model_data":32}, "model": "item/note/farright/note1"},
		{"predicate": {"custom_model_data":33}, "model": "item/note/farright/note2"},
		{"predicate": {"custom_model_data":34}, "model": "item/note/farright/note3"},
		{"predicate": {"custom_model_data":35}, "model": "item/note/farright/note4"},
		{"predicate": {"custom_model_data":36}, "model": "item/note/farright/note5"},
		{"predicate": {"custom_model_data":37}, "model": "item/note/farright/note6"},
		{"predicate": {"custom_model_data":38}, "model": "item/note/farright/note7"},
		{"predicate": {"custom_model_data":39}, "model": "item/note/farright/note8"},
		
		
		{"predicate": {"custom_model_data":40}, "model": "item/note/middle/wall/note1"},
		{"predicate": {"custom_model_data":41}, "model": "item/note/middle/wall/note2"},
		{"predicate": {"custom_model_data":42}, "model": "item/note/middle/wall/note3"},
		{"predicate": {"custom_model_data":43}, "model": "item/note/middle/wall/note4"},
		{"predicate": {"custom_model_data":44}, "model": "item/note/middle/wall/note5"},
		{"predicate": {"custom_model_data":45}, "model": "item/note/middle/wall/note6"},
		{"predicate": {"custom_model_data":46}, "model": "item/note/middle/wall/note7"},
		{"predicate": {"custom_model_data":47}, "model": "item/note/farleft/wall/note1"},
		{"predicate": {"custom_model_data":48}, "model": "item/note/farleft/wall/note2"},
		{"predicate": {"custom_model_data":49}, "model": "item/note/farleft/wall/note3"},
		{"predicate": {"custom_model_data":50}, "model": "item/note/farleft/wall/note4"},
		{"predicate": {"custom_model_data":51}, "model": "item/note/farleft/wall/note5"},
		{"predicate": {"custom_model_data":52}, "model": "item/note/farleft/wall/note6"},
		{"predicate": {"custom_model_data":53}, "model": "item/note/farleft/wall/note7"},
		{"predicate": {"custom_model_data":54}, "model": "item/note/farleft/wall/note8"},
		{"predicate": {"custom_model_data":55}, "model": "item/note/left/wall/note1"},
		{"predicate": {"custom_model_data":56}, "model": "item/note/left/wall/note2"},
		{"predicate": {"custom_model_data":57}, "model": "item/note/left/wall/note3"},
		{"predicate": {"custom_model_data":58}, "model": "item/note/left/wall/note4"},
		{"predicate": {"custom_model_data":59}, "model": "item/note/left/wall/note5"},
		{"predicate": {"custom_model_data":60}, "model": "item/note/left/wall/note6"},
		{"predicate": {"custom_model_data":61}, "model": "item/note/left/wall/note7"},
		{"predicate": {"custom_model_data":62}, "model": "item/note/left/wall/note8"},
		{"predicate": {"custom_model_data":63}, "model": "item/note/right/wall/note1"},
		{"predicate": {"custom_model_data":64}, "model": "item/note/right/wall/note2"},
		{"predicate": {"custom_model_data":65}, "model": "item/note/right/wall/note3"},
		{"predicate": {"custom_model_data":66}, "model": "item/note/right/wall/note4"},
		{"predicate": {"custom_model_data":67}, "model": "item/note/right/wall/note5"},
		{"predicate": {"custom_model_data":68}, "model": "item/note/right/wall/note6"},
		{"predicate": {"custom_model_data":69}, "model": "item/note/right/wall/note7"},
		{"predicate": {"custom_model_data":70}, "model": "item/note/right/wall/note8"},
		{"predicate": {"custom_model_data":71}, "model": "item/note/farright/wall/note1"},
		{"predicate": {"custom_model_data":72}, "model": "item/note/farright/wall/note2"},
		{"predicate": {"custom_model_data":73}, "model": "item/note/farright/wall/note3"},
		{"predicate": {"custom_model_data":74}, "model": "item/note/farright/wall/note4"},
		{"predicate": {"custom_model_data":75}, "model": "item/note/farright/wall/note5"},
		{"predicate": {"custom_model_data":76}, "model": "item/note/farright/wall/note6"},
		{"predicate": {"custom_model_data":77}, "model": "item/note/farright/wall/note7"},
		{"predicate": {"custom_model_data":78}, "model": "item/note/farright/wall/note8"}
	]
}
