{
    "parent": "item/handheld",
    "textures": {
        "layer0": "item/scout"
    },
	
	"display": {
        "gui": {
            "rotation": [ 0, 0, 0 ],
            "translation": [ 0, 7, 0],
            "scale":[ 2, 2, 0.1 ]
        },
		"ground": {
            "rotation": [ 0, 0, 0 ],
            "translation": [ 0, 4, 0],
            "scale":[ 2, 2, 0.1 ]
        },
        "thirdperson_righthand": {
            "rotation": [ 0, 0, 0 ],
            "translation": [ 0, 3, 0],
            "scale":[ 1, 1, 0.1 ]
        },
        "firstperson_righthand": {
            "rotation": [ 0, 0, 0 ],
            "translation": [ -3, 0, 0],
            "scale":[ 2, 2, 0.1 ]
        },
        "firstperson_lefthand": {
            "rotation": [ 0, 180, 0 ],
            "translation": [ 0, -5, 0],
            "scale":[ 2, 2, 0.1 ]
        }
    
	}
}