{
    "parent": "item/handheld",
    "textures": {
        "layer0": "item/red"
    },
	
	"display": {
        "gui": {
            "rotation": [ 0, 0, 0 ],
            "translation": [ 0, 6, 0],
            "scale":[ 1, 2, 1 ]
        },
		"ground": {
            "rotation": [ 0, 0, 0 ],
            "translation": [ 0, 6, 0],
            "scale":[ 1, 2, 1 ]
        },
        "thirdperson_righthand": {
            "rotation": [ 0, 0, 0 ],
            "translation": [ 0, 6, 0],
            "scale":[ 1, 2, 1 ]
        },
        "firstperson_righthand": {
            "rotation": [ 0, 0, 0 ],
            "translation": [ 0, 6, 0],
            "scale":[ 1, 2, 1 ]
        },
        "firstperson_lefthand": {
            "rotation": [ 0, 0, 0 ],
            "translation": [ 0, 6, 0],
            "scale":[ 1, 2, 1 ]
        }
    
	}
}