{
  "sources": [
    {
      "type": "paletted_permutations",
      "textures": [
        "brogue:trims/items/sword_shaper_trim",
		"brogue:trims/items/sword_wayfinder_trim",
		"brogue:trims/items/sword_raiser_trim",
		"brogue:trims/items/sword_host_trim",
		"brogue:trims/items/pickaxe_shaper_trim",
		"brogue:trims/items/pickaxe_wayfinder_trim",
		"brogue:trims/items/pickaxe_raiser_trim",
		"brogue:trims/items/pickaxe_host_trim",
		"brogue:trims/items/axe_shaper_trim",
		"brogue:trims/items/axe_wayfinder_trim",
		"brogue:trims/items/axe_raiser_trim",
		"brogue:trims/items/axe_host_trim",
		"brogue:trims/items/shovel_shaper_trim",
		"brogue:trims/items/shovel_wayfinder_trim",
		"brogue:trims/items/shovel_raiser_trim",
		"brogue:trims/items/shovel_host_trim",
		"brogue:trims/items/bow_sentry_trim",
		"trims/items/leggings_trim",
        "trims/items/chestplate_trim",
        "trims/items/helmet_trim",
        "trims/items/boots_trim"
      ],
      "palette_key": "trims/color_palettes/trim_palette",
      "permutations": {
        "quartz": "trims/color_palettes/quartz",
		"prismarine": "brogue:trims/color_palettes/prismarine",
		"echo_shard": "brogue:trims/color_palettes/echo_shard",
		"blaze": "brogue:trims/color_palettes/blaze",
		"shell": "brogue:trims/color_palettes/shell",
		"breath": "brogue:trims/color_palettes/breath",
        "iron": "trims/color_palettes/iron",
        "gold": "trims/color_palettes/gold",
        "diamond": "trims/color_palettes/diamond",
        "netherite": "trims/color_palettes/netherite",
        "redstone": "trims/color_palettes/redstone",
        "copper": "trims/color_palettes/copper",
        "emerald": "trims/color_palettes/emerald",
        "lapis": "trims/color_palettes/lapis",
        "amethyst": "trims/color_palettes/amethyst"
      }
    }
  ]
}