{
    "sources": [
        {
            "type": "paletted_permutations",
            "textures": [
                "brogue:trims/models/armor/triforce",
                "brogue:trims/models/armor/triforce_leggings"
            ],
            "palette_key": "brogue:trims/color_palettes/trim_palette",
            "permutations": {
                "prismarine": "brogue:trims/color_palettes/prismarine",
				"echo_shard": "brogue:trims/color_palettes/echo_shard",
				"blaze": "brogue:trims/color_palettes/blaze",
				"shell": "brogue:trims/color_palettes/shell",
				"breath": "brogue:trims/color_palettes/breath"
				
            }
        }
    ]
}
